{"entities":{"pages":{"index":{"id":"index","title":"Reamber(Py)","url":"index_md.html","level":0,"tabIndex":0},"fdc8ace8_542467":{"id":"fdc8ace8_542467","title":"About","level":0,"pages":["GettingStarted","Conventions","ChangeLog","About"],"tabIndex":1},"GettingStarted":{"id":"GettingStarted","title":"Getting Started","url":"gettingstarted.html","level":1,"parentId":"fdc8ace8_542467","tabIndex":0},"Conventions":{"id":"Conventions","title":"Conventions","url":"conventions.html","level":1,"parentId":"fdc8ace8_542467","tabIndex":1},"ChangeLog":{"id":"ChangeLog","title":"Changelog","url":"changelog.html","level":1,"parentId":"fdc8ace8_542467","tabIndex":2},"About":{"id":"About","title":"About ReamberPy","url":"about.html","level":1,"parentId":"fdc8ace8_542467","tabIndex":3},"fdc8ace8_542472":{"id":"fdc8ace8_542472","title":"Learn","level":0,"pages":["WorkingWithMaps","Stacking","BuildingBlocks","Basics"],"tabIndex":2},"WorkingWithMaps":{"id":"WorkingWithMaps","title":"Working with Maps","url":"workingwithmaps.html","level":1,"parentId":"fdc8ace8_542472","tabIndex":0},"Stacking":{"id":"Stacking","title":"Stacking","url":"stacking.html","level":1,"parentId":"fdc8ace8_542472","tabIndex":1},"BuildingBlocks":{"id":"BuildingBlocks","title":"Building Blocks of ReamberPy","url":"buildingblocks.html","level":1,"parentId":"fdc8ace8_542472","tabIndex":2},"Basics":{"id":"Basics","title":"Basics of ReamberPy","url":"basics.html","level":1,"parentId":"fdc8ace8_542472","tabIndex":3},"fdc8ace8_542477":{"id":"fdc8ace8_542477","title":"Objects","level":0,"pages":["SM","Quaver","Osu","O2Jam","BMS","fdc8ace8_542483","fdc8ace8_542495","fdc8ace8_542499"],"tabIndex":3},"SM":{"id":"SM","title":"StepMania","url":"sm.html","level":1,"parentId":"fdc8ace8_542477","tabIndex":0},"Quaver":{"id":"Quaver","title":"Quaver","url":"quaver.html","level":1,"parentId":"fdc8ace8_542477","tabIndex":1},"Osu":{"id":"Osu","title":"Osu!","url":"osu.html","level":1,"parentId":"fdc8ace8_542477","tabIndex":2},"O2Jam":{"id":"O2Jam","title":"O2Jam","url":"o2jam.html","level":1,"parentId":"fdc8ace8_542477","tabIndex":3},"BMS":{"id":"BMS","title":"BMS","url":"bms.html","level":1,"parentId":"fdc8ace8_542477","tabIndex":4},"fdc8ace8_542483":{"id":"fdc8ace8_542483","title":"Algorithms","level":1,"parentId":"fdc8ace8_542477","pages":["SvNormalize","ScrollSpeed","PlayFieldPattern","PlayField","Pattern","FullLN","DominantBpm","Conversions","fdc8ace8_542492"],"tabIndex":5},"SvNormalize":{"id":"SvNormalize","title":"SV Normalize","url":"svnormalize.html","level":2,"parentId":"fdc8ace8_542483","tabIndex":0},"ScrollSpeed":{"id":"ScrollSpeed","title":"Scroll Speed","url":"scrollspeed.html","level":2,"parentId":"fdc8ace8_542483","tabIndex":1},"PlayFieldPattern":{"id":"PlayFieldPattern","title":"Play Field Imaging with Patterns","url":"playfieldpattern.html","level":2,"parentId":"fdc8ace8_542483","tabIndex":2},"PlayField":{"id":"PlayField","title":"Play Field","url":"playfield.html","level":2,"parentId":"fdc8ace8_542483","tabIndex":3},"Pattern":{"id":"Pattern","title":"Patterns","url":"pattern.html","level":2,"parentId":"fdc8ace8_542483","tabIndex":4},"FullLN":{"id":"FullLN","title":"Full LN","url":"fullln.html","level":2,"parentId":"fdc8ace8_542483","tabIndex":5},"DominantBpm":{"id":"DominantBpm","title":"Dominant BPM","url":"dominantbpm.html","level":2,"parentId":"fdc8ace8_542483","tabIndex":6},"Conversions":{"id":"Conversions","title":"Conversions","url":"conversions.html","level":2,"parentId":"fdc8ace8_542483","tabIndex":7},"fdc8ace8_542492":{"id":"fdc8ace8_542492","title":"osu","level":2,"parentId":"fdc8ace8_542483","pages":["ParseReplay","HitsoundCopy"],"tabIndex":8},"ParseReplay":{"id":"ParseReplay","title":"osu! Parse Replay","url":"parsereplay.html","level":3,"parentId":"fdc8ace8_542492","tabIndex":0},"HitsoundCopy":{"id":"HitsoundCopy","title":"osu! Hit Sound Copy","url":"hitsoundcopy.html","level":3,"parentId":"fdc8ace8_542492","tabIndex":1},"fdc8ace8_542495":{"id":"fdc8ace8_542495","title":"Base Objects","level":1,"parentId":"fdc8ace8_542477","pages":["MapSet","Map","BpmHitHold"],"tabIndex":6},"MapSet":{"id":"MapSet","title":"MapSet","url":"mapset.html","level":2,"parentId":"fdc8ace8_542495","tabIndex":0},"Map":{"id":"Map","title":"Map","url":"map.html","level":2,"parentId":"fdc8ace8_542495","tabIndex":1},"BpmHitHold":{"id":"BpmHitHold","title":"Bpm, Hit and Hold","url":"bpmhithold.html","level":2,"parentId":"fdc8ace8_542495","tabIndex":2},"fdc8ace8_542499":{"id":"fdc8ace8_542499","title":"BMS","level":1,"parentId":"fdc8ace8_542477","pages":["Channel"],"tabIndex":7},"Channel":{"id":"Channel","title":"BMS Channel Configurations","url":"channel.html","level":2,"parentId":"fdc8ace8_542499","tabIndex":0},"fdc8ace8_542501":{"id":"fdc8ace8_542501","title":"Dev Info","level":0,"pages":["TypeHinting","Props","DevInfo"],"tabIndex":4},"TypeHinting":{"id":"TypeHinting","title":"Type Hinting Pandas Columns","url":"typehinting.html","level":1,"parentId":"fdc8ace8_542501","tabIndex":0},"Props":{"id":"Props","title":"Generating Properties on the Fly","url":"props.html","level":1,"parentId":"fdc8ace8_542501","tabIndex":1},"DevInfo":{"id":"DevInfo","title":"Development Info","url":"devinfo.html","level":1,"parentId":"fdc8ace8_542501","tabIndex":2}}},"topLevelIds":["index","fdc8ace8_542467","fdc8ace8_542472","fdc8ace8_542477","fdc8ace8_542501"]}